IP,Date,Time,Accepted cookies,Device type,Browser language,Browser name,OS Name,Country,Region,RegionName,City,Zipcode,Lat,Lon
162.158.110.154,2023-09-16,19:18:19 UTC,["necessary"],desktop,en,Firefox,Ubuntu,Germany,HE,Hesse,Frankfurt,,50.1109,8.6821
172.70.243.181,2023-09-16,20:04:33 UTC,["necessary"],desktop,en,Edge,Windows,Germany,HE,Hesse,Frankfurt,,50.1109,8.6821
162.158.94.102,2023-09-16,20:15:23 UTC,["necessary"],desktop,en,Edge,Windows,Germany,HE,Hesse,Frankfurt,,50.1109,8.6821
172.70.243.65,2023-09-16,20:32:41 UTC,["necessary"],desktop,en,Chrome,Windows,Germany,HE,Hesse,Frankfurt,,50.1109,8.6821
172.70.243.65,2023-09-16,20:33:05 UTC,["necessary"],desktop,en,Chrome,Windows,Germany,HE,Hesse,Frankfurt,,50.1109,8.6821
172.71.246.104,2023-09-16,20:35:12 UTC,["necessary"],desktop,en,Chrome,Windows,Germany,HE,Hesse,Frankfurt,,50.1109,8.6821
172.70.243.113,2023-09-16,20:39:53 UTC,["necessary"],mobile,en,Chrome,Android,Germany,HE,Hesse,Frankfurt,,50.1109,8.6821
162.158.111.221,2023-09-16,20:41:00 UTC,["necessary"],desktop,en,Chrome,Windows,Germany,HE,Hesse,Frankfurt,,50.1109,8.6821
172.70.243.150,2023-09-16,20:55:08 UTC,["necessary"],mobile,en,Chrome,iOS,Germany,HE,Hesse,Frankfurt,,50.1109,8.6821
172.70.147.182,2023-09-17,00:00:49 UTC,["necessary"],desktop,en,Chrome,OS X,Singapore,03,North West,Singapore,858877,1.352,103.8198
162.158.87.184,2023-09-18,10:22:56 UTC,["necessary"],desktop,en,Chrome,Windows,Germany,HE,Hesse,Frankfurt,,50.1109,8.6821
162.158.111.118,2023-09-18,10:40:52 UTC,["necessary"],desktop,en,Chrome,Windows,Germany,HE,Hesse,Frankfurt,,50.1109,8.6821
162.158.95.180,2023-09-18,11:29:32 UTC,["necessary"],desktop,en,Chrome,Windows,Germany,HE,Hesse,Frankfurt,,50.1109,8.6821
172.71.250.55,2023-09-18,11:30:40 UTC,["necessary"],desktop,en,Chrome,Windows,Germany,HE,Hesse,Frankfurt,,50.1109,8.6821
162.158.189.231,2023-09-18,14:27:07 UTC,["necessary"],desktop,en,Chrome,Windows,Singapore,03,North West,Singapore,858877,1.352,103.8198
162.158.56.157,2023-09-18,14:27:13 UTC,["necessary"],desktop,en,Chrome,Windows,United Arab Emirates,DU,Dubai,Dubai,,25.2048,55.2707
162.158.94.58,2023-09-18,14:42:45 UTC,["necessary"],desktop,en,Chrome,Windows,Germany,HE,Hesse,Frankfurt,,50.1109,8.6821
162.158.94.130,2023-09-18,16:14:09 UTC,["necessary"],desktop,en,Chrome,Windows,Germany,HE,Hesse,Frankfurt,,50.1109,8.6821
162.158.110.204,2023-09-18,16:16:01 UTC,["necessary"],desktop,en,Chrome,Windows,Germany,HE,Hesse,Frankfurt,,50.1109,8.6821
162.158.22.39,2023-09-18,16:37:46 UTC,["necessary"],desktop,en,Edge,Windows,France,PAC,Provence-Alpes-Côte d'Azur,Marseille,,43.2964,5.3697
162.158.22.101,2023-09-18,16:40:26 UTC,["necessary"],desktop,en,Chrome,Windows,France,PAC,Provence-Alpes-Côte d'Azur,Marseille,,43.2964,5.3697
172.70.246.41,2023-09-18,18:43:30 UTC,["necessary"],desktop,en,Chrome,Windows,Germany,HE,Hesse,Frankfurt,,50.1109,8.6821
162.158.110.204,2023-09-19,10:21:45 UTC,["necessary"],desktop,en,Chrome,Linux,Germany,HE,Hesse,Frankfurt,,50.1109,8.6821
172.70.246.210,2023-09-19,10:25:34 UTC,["necessary"],desktop,en,Chrome,Windows,Germany,HE,Hesse,Frankfurt,,50.1109,8.6821
172.71.250.124,2023-09-19,10:30:15 UTC,["necessary"],desktop,en,Chrome,Windows,Germany,HE,Hesse,Frankfurt,,50.1109,8.6821
162.158.87.174,2023-09-19,11:18:51 UTC,["necessary"],desktop,en,Chrome,Windows,Germany,HE,Hesse,Frankfurt,,50.1109,8.6821
172.70.250.162,2023-09-19,12:25:48 UTC,["necessary"],desktop,en,Chrome,Windows,Germany,HE,Hesse,Frankfurt,,50.1109,8.6821
162.158.94.59,2023-09-19,12:51:34 UTC,["necessary"],desktop,en,Chrome,Linux,Germany,HE,Hesse,Frankfurt,,50.1109,8.6821
172.70.246.159,2023-09-19,13:07:35 UTC,["necessary"],mobile,en,Safari,iOS,Germany,HE,Hesse,Frankfurt,,50.1109,8.6821
172.70.242.109,2023-09-19,13:21:38 UTC,["necessary"],desktop,en,Chrome,Windows,Germany,HE,Hesse,Frankfurt,,50.1109,8.6821
162.158.111.211,2023-09-19,14:17:56 UTC,["necessary"],desktop,en,Firefox,Windows,Germany,HE,Hesse,Frankfurt,,50.1109,8.6821
162.158.56.156,2023-09-19,17:44:06 UTC,["necessary"],mobile,en,Safari,iOS,United Arab Emirates,DU,Dubai,Dubai,,25.2048,55.2707
162.158.110.183,2023-09-19,18:03:29 UTC,["necessary"],mobile,en,Chrome,Android,Germany,HE,Hesse,Frankfurt,,50.1109,8.6821
162.158.22.176,2023-09-19,18:09:20 UTC,["necessary"],mobile,en,Chrome,Android,France,PAC,Provence-Alpes-Côte d'Azur,Marseille,,43.2964,5.3697
162.158.56.138,2023-09-19,18:23:32 UTC,["necessary"],desktop,en,Edge,Windows,United Arab Emirates,DU,Dubai,Dubai,,25.2048,55.2707
162.158.22.39,2023-09-19,18:27:40 UTC,["necessary"],desktop,en,Chrome,Windows,France,PAC,Provence-Alpes-Côte d'Azur,Marseille,,43.2964,5.3697
162.158.56.132,2023-09-19,18:29:22 UTC,["necessary"],desktop,en,Chrome,Windows,United Arab Emirates,DU,Dubai,Dubai,,25.2048,55.2707
172.70.92.188,2023-09-19,19:52:42 UTC,["necessary"],desktop,en,Chrome,Windows,Singapore,03,North West,Singapore,858877,1.352,103.8198
162.158.190.83,2023-09-19,22:19:51 UTC,["necessary"],desktop,en,Chrome,Windows,Singapore,03,North West,Singapore,858877,1.352,103.8198
108.162.226.120,2023-09-19,22:45:16 UTC,["necessary"],desktop,en,Chrome,Windows,Singapore,03,North West,Singapore,858877,1.352,103.8198
162.158.86.244,2023-09-20,10:21:02 UTC,["necessary"],desktop,en,Chrome,Windows,Germany,HE,Hesse,Frankfurt,,50.1109,8.6821
162.158.94.131,2023-09-20,10:56:22 UTC,["necessary"],desktop,en,Chrome,Windows,Germany,HE,Hesse,Frankfurt,,50.1109,8.6821
162.158.94.60,2023-09-20,12:03:06 UTC,["necessary"],desktop,en,Chrome,Linux,Germany,HE,Hesse,Frankfurt,,50.1109,8.6821
162.158.22.227,2023-09-20,14:25:24 UTC,["necessary"],desktop,en,Chrome,Windows,France,PAC,Provence-Alpes-Côte d'Azur,Marseille,,43.2964,5.3697
162.158.22.101,2023-09-20,17:29:06 UTC,["necessary"],mobile,en,Chrome,Android,France,PAC,Provence-Alpes-Côte d'Azur,Marseille,,43.2964,5.3697
162.158.94.71,2023-09-20,18:40:28 UTC,["necessary"],desktop,en,Chrome,Linux,Germany,HE,Hesse,Frankfurt,,50.1109,8.6821
172.70.246.41,2023-09-20,19:11:15 UTC,["necessary"],desktop,en,Firefox,Windows,Germany,HE,Hesse,Frankfurt,,50.1109,8.6821
162.158.87.207,2023-09-20,19:17:40 UTC,["necessary"],desktop,en,Firefox,Windows,Germany,HE,Hesse,Frankfurt,,50.1109,8.6821
172.70.246.211,2023-09-20,19:50:21 UTC,["necessary"],desktop,en,Firefox,Windows,Germany,HE,Hesse,Frankfurt,,50.1109,8.6821
162.158.87.208,2023-09-20,20:01:01 UTC,["necessary"],desktop,en,Safari,OS X,Germany,HE,Hesse,Frankfurt,,50.1109,8.6821
162.158.111.55,2023-09-20,20:09:37 UTC,["necessary"],mobile,en,Chrome,iOS,Germany,HE,Hesse,Frankfurt,,50.1109,8.6821
162.158.56.148,2023-09-20,21:59:45 UTC,["necessary"],desktop,en,Chrome,Windows,United Arab Emirates,DU,Dubai,Dubai,,25.2048,55.2707
162.158.22.180,2023-09-20,22:41:34 UTC,["necessary"],mobile,en,Chrome,Android,France,PAC,Provence-Alpes-Côte d'Azur,Marseille,,43.2964,5.3697
162.158.22.226,2023-09-20,22:46:09 UTC,["necessary"],desktop,en,Edge,Windows,France,PAC,Provence-Alpes-Côte d'Azur,Marseille,,43.2964,5.3697
172.71.186.98,2023-09-21,05:54:43 UTC,["necessary"],desktop,en,Chrome,Windows,France,PAC,Provence-Alpes-Côte d'Azur,Marseille,,43.2964,5.3697
162.158.22.227,2023-09-21,09:07:44 UTC,["necessary"],mobile,en,Instagram,Android,France,PAC,Provence-Alpes-Côte d'Azur,Marseille,,43.2964,5.3697
172.70.250.102,2023-09-21,09:09:43 UTC,["necessary"],mobile,en,Instagram,Android,Germany,HE,Hesse,Frankfurt,,50.1109,8.6821
162.158.22.104,2023-09-21,09:11:10 UTC,["necessary"],mobile,en,Instagram,Android,France,PAC,Provence-Alpes-Côte d'Azur,Marseille,,43.2964,5.3697
162.158.87.173,2023-09-21,09:26:21 UTC,["necessary"],mobile,en,Instagram,Android,Germany,HE,Hesse,Frankfurt,,50.1109,8.6821
172.70.142.70,2023-09-21,09:36:51 UTC,["necessary"],mobile,en,Chrome,Android,Singapore,03,North West,Singapore,858877,1.352,103.8198
172.71.186.191,2023-09-21,09:41:44 UTC,["necessary"],mobile,en,Instagram,iOS,France,PAC,Provence-Alpes-Côte d'Azur,Marseille,,43.2964,5.3697
162.158.106.93,2023-09-21,10:22:56 UTC,["necessary"],mobile,en,Instagram,Android,Singapore,03,North West,Singapore,858877,1.352,103.8198
172.70.250.61,2023-09-21,10:38:40 UTC,["necessary"],desktop,en,Firefox,Windows,Germany,HE,Hesse,Frankfurt,,50.1109,8.6821
172.70.247.136,2023-09-21,11:00:44 UTC,["necessary"],desktop,en,Edge,Windows,Germany,HE,Hesse,Frankfurt,,50.1109,8.6821
172.69.150.175,2023-09-21,11:02:45 UTC,["necessary"],desktop,en,Chrome,Windows,Germany,HE,Hesse,Frankfurt,,50.1109,8.6821
162.158.87.141,2023-09-21,11:37:21 UTC,["necessary"],mobile,en,Instagram,iOS,Germany,HE,Hesse,Frankfurt,,50.1109,8.6821
162.158.22.176,2023-09-21,11:39:23 UTC,["necessary"],mobile,en,Chrome,iOS,France,PAC,Provence-Alpes-Côte d'Azur,Marseille,,43.2964,5.3697
162.158.162.219,2023-09-21,11:40:57 UTC,["necessary"],mobile,en,Instagram,Android,Singapore,03,North West,Singapore,858877,1.352,103.8198
162.158.110.183,2023-09-21,12:13:49 UTC,["necessary"],desktop,en,Chrome,Windows,Germany,HE,Hesse,Frankfurt,,50.1109,8.6821
172.70.251.214,2023-09-21,12:31:09 UTC,["necessary"],mobile,en,Instagram,Android,Germany,HE,Hesse,Frankfurt,,50.1109,8.6821
172.71.250.130,2023-09-21,12:37:37 UTC,["necessary"],mobile,en,Instagram,Android,Germany,HE,Hesse,Frankfurt,,50.1109,8.6821
162.158.22.100,2023-09-21,12:40:47 UTC,["necessary"],mobile,en,Instagram,Android,France,PAC,Provence-Alpes-Côte d'Azur,Marseille,,43.2964,5.3697
172.70.243.98,2023-09-21,12:45:11 UTC,["necessary"],desktop,en,Chrome,Windows,Germany,HE,Hesse,Frankfurt,,50.1109,8.6821
162.158.86.143,2023-09-21,12:46:50 UTC,["necessary"],desktop,en,Firefox,Windows,Germany,HE,Hesse,Frankfurt,,50.1109,8.6821
172.71.246.95,2023-09-21,13:11:33 UTC,["necessary"],desktop,en,Chrome,Windows,Germany,HE,Hesse,Frankfurt,,50.1109,8.6821
162.158.111.170,2023-09-21,13:13:43 UTC,["necessary"],desktop,en,Chrome,Windows,Germany,HE,Hesse,Frankfurt,,50.1109,8.6821
172.69.172.146,2023-09-21,13:16:54 UTC,["necessary"],desktop,en,Chrome,Windows,United Kingdom,SCT,Scotland,Edinburgh,,55.9532,-3.1882
162.158.22.176,2023-09-21,13:19:06 UTC,["necessary"],mobile,en,Instagram,Android,France,PAC,Provence-Alpes-Côte d'Azur,Marseille,,43.2964,5.3697
172.70.250.61,2023-09-21,13:23:27 UTC,["necessary"],mobile,en,Instagram,Android,Germany,HE,Hesse,Frankfurt,,50.1109,8.6821
172.69.179.129,2023-09-21,13:25:42 UTC,["necessary"],mobile,en,Instagram,Android,India,MH,Maharashtra,Mumbai,,19.0759,72.8776
172.71.186.98,2023-09-21,13:33:10 UTC,["necessary"],mobile,en,Instagram,Android,France,PAC,Provence-Alpes-Côte d'Azur,Marseille,,43.2964,5.3697
162.158.22.101,2023-09-21,13:43:24 UTC,["necessary"],mobile,en,Instagram,iOS,France,PAC,Provence-Alpes-Côte d'Azur,Marseille,,43.2964,5.3697
162.158.22.181,2023-09-21,14:01:38 UTC,["necessary"],desktop,en,Chrome,OS X,France,PAC,Provence-Alpes-Côte d'Azur,Marseille,,43.2964,5.3697
162.158.106.228,2023-09-21,14:02:31 UTC,["necessary"],mobile,en,Instagram,Android,Singapore,03,North West,Singapore,858877,1.352,103.8198
108.162.226.101,2023-09-21,14:13:49 UTC,["necessary"],mobile,en,Instagram,Android,Singapore,03,North West,Singapore,858877,1.352,103.8198
162.158.22.104,2023-09-21,14:24:08 UTC,["necessary"],mobile,en,Instagram,Android,France,PAC,Provence-Alpes-Côte d'Azur,Marseille,,43.2964,5.3697
162.158.22.180,2023-09-21,14:35:26 UTC,["necessary"],mobile,en,Instagram,iOS,France,PAC,Provence-Alpes-Côte d'Azur,Marseille,,43.2964,5.3697
162.158.54.228,2023-09-21,15:01:22 UTC,["necessary"],mobile,en,Instagram,Android,India,TN,Tamil Nadu,Chennai,,13.0826,80.2707
162.158.22.40,2023-09-21,15:24:42 UTC,["necessary"],mobile,en,Instagram,iOS,France,PAC,Provence-Alpes-Côte d'Azur,Marseille,,43.2964,5.3697
162.158.22.38,2023-09-21,16:07:44 UTC,["necessary"],mobile,en,Instagram,iOS,France,PAC,Provence-Alpes-Côte d'Azur,Marseille,,43.2964,5.3697
172.69.150.37,2023-09-21,16:09:05 UTC,["necessary"],desktop,en,Firefox,Windows,Germany,HE,Hesse,Frankfurt,,50.1109,8.6821
172.70.243.97,2023-09-21,16:14:52 UTC,["necessary"],desktop,en,Chrome,Windows,Germany,HE,Hesse,Frankfurt,,50.1109,8.6821
162.158.110.26,2023-09-21,16:16:20 UTC,["necessary"],desktop,en,Chrome,Windows,Germany,HE,Hesse,Frankfurt,,50.1109,8.6821
172.71.246.79,2023-09-21,16:21:35 UTC,["necessary"],desktop,en,Firefox,Windows,Germany,HE,Hesse,Frankfurt,,50.1109,8.6821
162.158.22.100,2023-09-21,16:23:53 UTC,["necessary"],mobile,en,Instagram,Android,France,PAC,Provence-Alpes-Côte d'Azur,Marseille,,43.2964,5.3697
172.69.86.235,2023-09-21,16:39:34 UTC,["necessary"],mobile,en,Instagram,iOS,India,MH,Maharashtra,Mumbai,,19.0759,72.8776
162.158.22.130,2023-09-21,16:47:55 UTC,["necessary"],mobile,en,Instagram,iOS,France,PAC,Provence-Alpes-Côte d'Azur,Marseille,,43.2964,5.3697
172.70.251.53,2023-09-21,16:52:09 UTC,["necessary"],mobile,en,Instagram,iOS,Germany,HE,Hesse,Frankfurt,,50.1109,8.6821
162.158.22.38,2023-09-21,17:02:20 UTC,["necessary"],mobile,en,Chrome,Android,France,PAC,Provence-Alpes-Côte d'Azur,Marseille,,43.2964,5.3697
172.70.242.24,2023-09-21,17:06:12 UTC,["necessary"],mobile,en,Instagram,Android,Germany,HE,Hesse,Frankfurt,,50.1109,8.6821
162.158.110.13,2023-09-21,17:07:58 UTC,["necessary"],desktop,en,Chrome,Windows,Germany,HE,Hesse,Frankfurt,,50.1109,8.6821
162.158.227.234,2023-09-21,17:08:43 UTC,["necessary"],mobile,en,Instagram,Android,India,MH,Maharashtra,Mumbai,,19.0759,72.8776
172.71.250.68,2023-09-21,17:24:12 UTC,["necessary"],desktop,en,Chrome,Windows,Germany,HE,Hesse,Frankfurt,,50.1109,8.6821
162.158.94.60,2023-09-21,17:31:47 UTC,["necessary"],mobile,en,Instagram,Android,Germany,HE,Hesse,Frankfurt,,50.1109,8.6821
172.69.87.35,2023-09-21,17:36:10 UTC,["necessary"],mobile,en,Instagram,Android,India,MH,Maharashtra,Mumbai,,19.0759,72.8776
108.162.226.204,2023-09-21,18:11:33 UTC,["necessary"],mobile,en,Instagram,Android,Singapore,03,North West,Singapore,858877,1.352,103.8198
162.158.22.101,2023-09-21,18:28:10 UTC,["necessary"],mobile,en,Instagram,Android,France,PAC,Provence-Alpes-Côte d'Azur,Marseille,,43.2964,5.3697
172.70.147.40,2023-09-21,18:33:16 UTC,["necessary"],mobile,en,Instagram,Android,Singapore,03,North West,Singapore,858877,1.352,103.8198
172.70.142.17,2023-09-21,18:34:25 UTC,["necessary"],mobile,en,Chrome,Android,Singapore,03,North West,Singapore,858877,1.352,103.8198
162.158.110.163,2023-09-21,18:59:47 UTC,["necessary"],mobile,en,Instagram,Android,Germany,HE,Hesse,Frankfurt,,50.1109,8.6821
172.70.251.53,2023-09-21,19:01:43 UTC,["necessary"],mobile,en,Chrome,Android,Germany,HE,Hesse,Frankfurt,,50.1109,8.6821
172.70.242.248,2023-09-21,20:17:14 UTC,["necessary"],desktop,en,Chrome,Windows,Germany,HE,Hesse,Frankfurt,,50.1109,8.6821
162.158.87.141,2023-09-21,20:19:50 UTC,["necessary"],desktop,en,Chrome,Windows,Germany,HE,Hesse,Frankfurt,,50.1109,8.6821
162.158.22.100,2023-09-21,20:48:45 UTC,["necessary"],mobile,en,Instagram,Android,France,PAC,Provence-Alpes-Côte d'Azur,Marseille,,43.2964,5.3697
162.158.111.35,2023-09-21,20:58:30 UTC,["necessary"],mobile,en,Instagram,Android,Germany,HE,Hesse,Frankfurt,,50.1109,8.6821
188.114.102.228,2023-09-21,21:02:46 UTC,["necessary"],mobile,hi,Facebook,Android,Italy,25,Lombardy,Milan,,45.4642,9.1899
162.158.94.93,2023-09-21,21:09:08 UTC,["necessary"],mobile,en,Instagram,Android,Germany,HE,Hesse,Frankfurt,,50.1109,8.6821
188.114.102.81,2023-09-21,21:30:51 UTC,["necessary"],mobile,en,Instagram,Android,Italy,25,Lombardy,Milan,,45.4642,9.1899
172.70.242.109,2023-09-21,21:34:06 UTC,["necessary"],mobile,en,Instagram,Android,Germany,HE,Hesse,Frankfurt,,50.1109,8.6821
172.70.247.41,2023-09-21,21:53:30 UTC,["necessary"],mobile,en,Instagram,Android,Germany,HE,Hesse,Frankfurt,,50.1109,8.6821
162.158.106.153,2023-09-21,21:56:19 UTC,["necessary"],mobile,en,Instagram,Android,Singapore,03,North West,Singapore,858877,1.352,103.8198
172.69.95.155,2023-09-21,22:01:50 UTC,["necessary"],mobile,en,Instagram,Android,India,MH,Maharashtra,Mumbai,,19.0759,72.8776
162.158.86.170,2023-09-21,22:03:08 UTC,["necessary"],mobile,en,Instagram,Android,Germany,HE,Hesse,Frankfurt,,50.1109,8.6821
162.158.94.87,2023-09-21,22:10:50 UTC,["necessary"],mobile,en,Instagram,Android,Germany,HE,Hesse,Frankfurt,,50.1109,8.6821
172.70.251.214,2023-09-21,22:16:45 UTC,["necessary"],mobile,en,Instagram,Android,Germany,HE,Hesse,Frankfurt,,50.1109,8.6821
172.71.186.98,2023-09-22,00:08:13 UTC,["necessary"],mobile,en,Instagram,Android,France,PAC,Provence-Alpes-Côte d'Azur,Marseille,,43.2964,5.3697
188.114.102.205,2023-09-22,00:11:19 UTC,["necessary"],desktop,en,Chrome,Windows,Italy,25,Lombardy,Milan,,45.4642,9.1899
172.70.250.102,2023-09-22,00:11:30 UTC,["necessary"],mobile,en,Instagram,iOS,Germany,HE,Hesse,Frankfurt,,50.1109,8.6821
188.114.102.243,2023-09-22,00:14:02 UTC,["necessary"],mobile,gu,Instagram,Android,Italy,25,Lombardy,Milan,,45.4642,9.1899
188.114.102.242,2023-09-22,00:18:05 UTC,["necessary"],mobile,en,Instagram,Android,Italy,25,Lombardy,Milan,,45.4642,9.1899
172.70.243.24,2023-09-22,00:25:51 UTC,["necessary"],mobile,en,Chrome,Android,Germany,HE,Hesse,Frankfurt,,50.1109,8.6821
172.70.246.41,2023-09-22,00:26:02 UTC,["necessary"],mobile,en,Instagram,Android,Germany,HE,Hesse,Frankfurt,,50.1109,8.6821
162.158.87.219,2023-09-22,00:28:48 UTC,["necessary"],mobile,en,Chrome,Android,Germany,HE,Hesse,Frankfurt,,50.1109,8.6821
162.158.86.210,2023-09-22,00:30:30 UTC,["necessary"],mobile,en,Instagram,iOS,Germany,HE,Hesse,Frankfurt,,50.1109,8.6821
162.158.106.228,2023-09-22,00:30:42 UTC,["necessary"],mobile,en,Instagram,Android,Singapore,03,North West,Singapore,858877,1.352,103.8198
172.70.147.22,2023-09-22,00:32:06 UTC,["necessary"],mobile,en,Instagram,iOS,Singapore,03,North West,Singapore,858877,1.352,103.8198
172.70.93.20,2023-09-22,00:33:47 UTC,["necessary"],mobile,en,Instagram,Android,Singapore,03,North West,Singapore,858877,1.352,103.8198
162.158.22.181,2023-09-22,00:51:40 UTC,["necessary"],mobile,en,Samsung Internet,Android,France,PAC,Provence-Alpes-Côte d'Azur,Marseille,,43.2964,5.3697
172.71.198.59,2023-09-22,01:18:14 UTC,["necessary"],mobile,en,Safari,iOS,India,MH,Maharashtra,Mumbai,,19.0759,72.8776
162.158.22.177,2023-09-22,01:19:36 UTC,["necessary"],mobile,hu,Facebook,Android,France,PAC,Provence-Alpes-Côte d'Azur,Marseille,,43.2964,5.3697
162.158.86.73,2023-09-22,01:52:17 UTC,["necessary"],mobile,en,Instagram,Android,Germany,HE,Hesse,Frankfurt,,50.1109,8.6821
162.158.94.156,2023-09-22,02:19:00 UTC,["necessary"],mobile,en,Instagram,Android,Germany,HE,Hesse,Frankfurt,,50.1109,8.6821
162.158.162.248,2023-09-22,02:33:55 UTC,["necessary"],mobile,en,Instagram,Android,Singapore,03,North West,Singapore,858877,1.352,103.8198
172.71.186.76,2023-09-22,08:35:20 UTC,["necessary"],mobile,en,Instagram,Android,France,PAC,Provence-Alpes-Côte d'Azur,Marseille,,43.2964,5.3697
162.158.95.131,2023-09-22,08:45:30 UTC,["necessary"],mobile,en,Instagram,Android,Germany,HE,Hesse,Frankfurt,,50.1109,8.6821
162.158.22.145,2023-09-22,10:42:24 UTC,["necessary"],mobile,en,Facebook,Android,France,PAC,Provence-Alpes-Côte d'Azur,Marseille,,43.2964,5.3697
162.158.111.134,2023-09-22,10:53:29 UTC,["necessary"],desktop,en,Chrome,Windows,Germany,HE,Hesse,Frankfurt,,50.1109,8.6821
172.68.51.137,2023-09-22,11:17:06 UTC,["necessary"],desktop,en,Chrome,Windows,Austria,9,Vienna,Vienna,,48.2081,16.3738
172.71.218.252,2023-09-22,11:32:08 UTC,["necessary"],desktop,en,Chrome,Windows,Hong Kong,HCW,Central and Western District,Hong Kong,,22.3193,114.1693
172.70.251.123,2023-09-22,12:56:54 UTC,["necessary"],desktop,en,Chrome,Windows,Germany,HE,Hesse,Frankfurt,,50.1109,8.6821
172.70.246.25,2023-09-22,12:58:56 UTC,["necessary"],mobile,en,Chrome,Android,Germany,HE,Hesse,Frankfurt,,50.1109,8.6821
172.70.147.107,2023-09-22,13:19:48 UTC,["necessary"],mobile,en,Instagram,Android,Singapore,03,North West,Singapore,858877,1.352,103.8198
162.158.22.123,2023-09-22,13:34:32 UTC,["necessary"],mobile,hi,Facebook,Android,France,PAC,Provence-Alpes-Côte d'Azur,Marseille,,43.2964,5.3697
162.158.87.78,2023-09-22,13:47:37 UTC,["necessary"],mobile,hi,Facebook,Android,Germany,HE,Hesse,Frankfurt,,50.1109,8.6821
162.158.170.163,2023-09-22,15:05:16 UTC,["necessary"],mobile,en,Facebook,Android,Singapore,03,North West,Singapore,858877,1.352,103.8198
162.158.94.107,2023-09-22,15:33:05 UTC,["necessary"],mobile,en,Facebook,Android,Germany,HE,Hesse,Frankfurt,,50.1109,8.6821
141.101.76.9,2023-09-22,15:50:58 UTC,["necessary"],desktop,en,Chrome,Windows,Netherlands,NH,North Holland,Amsterdam,,52.3675,4.9041
172.71.160.91,2023-09-22,16:22:45 UTC,["necessary"],mobile,en,Facebook,Android,Germany,NW,North Rhine-Westphalia,Düsseldorf,,51.2277,6.7734
108.162.227.126,2023-09-22,16:54:45 UTC,["necessary"],mobile,en,Facebook,Android,Singapore,03,North West,Singapore,858877,1.352,103.8198
162.158.23.49,2023-09-22,16:59:33 UTC,["necessary"],mobile,en,Instagram,Android,France,PAC,Provence-Alpes-Côte d'Azur,Marseille,,43.2964,5.3697
162.158.170.219,2023-09-22,17:18:41 UTC,["necessary"],mobile,en,Instagram,Android,Singapore,03,North West,Singapore,858877,1.352,103.8198
162.158.56.152,2023-09-22,17:22:51 UTC,["necessary"],mobile,en,Facebook,Android,United Arab Emirates,DU,Dubai,Dubai,,25.2048,55.2707
172.70.247.159,2023-09-22,17:31:55 UTC,["necessary"],desktop,en,Chrome,Windows,Germany,HE,Hesse,Frankfurt,,50.1109,8.6821
162.158.110.129,2023-09-22,17:32:52 UTC,["necessary"],mobile,en,Chrome,iOS,Germany,HE,Hesse,Frankfurt,,50.1109,8.6821
172.71.186.218,2023-09-22,18:35:31 UTC,["necessary"],mobile,en,Instagram,Android,France,PAC,Provence-Alpes-Côte d'Azur,Marseille,,43.2964,5.3697
162.158.22.138,2023-09-22,18:35:35 UTC,["necessary"],desktop,en,Chrome,Windows,France,PAC,Provence-Alpes-Côte d'Azur,Marseille,,43.2964,5.3697
172.68.167.141,2023-09-22,19:21:50 UTC,["necessary"],mobile,en,Instagram,iOS,India,TG,Telangana,Hyderabad,,17.385,78.4866
162.158.106.155,2023-09-22,20:01:16 UTC,["necessary"],mobile,en,Instagram,iOS,Singapore,03,North West,Singapore,858877,1.352,103.8198
162.158.22.157,2023-09-22,20:22:03 UTC,["necessary"],mobile,en,Instagram,Android,France,PAC,Provence-Alpes-Côte d'Azur,Marseille,,43.2964,5.3697
172.69.86.45,2023-09-22,20:34:32 UTC,["necessary"],mobile,en,Instagram,Android,India,MH,Maharashtra,Mumbai,,19.0759,72.8776
172.69.87.111,2023-09-22,20:48:25 UTC,["necessary"],mobile,en,Instagram,Android,India,MH,Maharashtra,Mumbai,,19.0759,72.8776
172.70.189.34,2023-09-22,20:51:28 UTC,["necessary"],mobile,en,Instagram,iOS,Singapore,03,North West,Singapore,858877,1.352,103.8198
162.158.94.29,2023-09-22,20:56:31 UTC,["necessary"],mobile,en,Instagram,Android,Germany,HE,Hesse,Frankfurt,,50.1109,8.6821
172.70.247.46,2023-09-22,20:59:30 UTC,["necessary"],mobile,en,Vivo Browser,Android,Germany,HE,Hesse,Frankfurt,,50.1109,8.6821
162.158.22.157,2023-09-22,21:33:48 UTC,["necessary"],mobile,en,Instagram,Android,France,PAC,Provence-Alpes-Côte d'Azur,Marseille,,43.2964,5.3697
162.158.129.237,2023-09-22,21:36:42 UTC,["necessary"],mobile,en,Chrome,Android,Italy,25,Lombardy,Milan,,45.4642,9.1899
162.158.2.103,2023-09-22,21:50:20 UTC,["necessary"],mobile,en,Instagram,Android,Australia,VIC,Victoria,Melbourne,,-37.8136,144.963
162.158.22.157,2023-09-22,21:52:02 UTC,["necessary"],desktop,en,Chrome,Windows,France,PAC,Provence-Alpes-Côte d'Azur,Marseille,,43.2964,5.3697
172.71.186.189,2023-09-22,21:54:17 UTC,["necessary"],desktop,en,Chrome,Windows,France,PAC,Provence-Alpes-Côte d'Azur,Marseille,,43.2964,5.3697
172.70.147.78,2023-09-22,22:02:02 UTC,["necessary"],mobile,en,Instagram,Android,Singapore,03,North West,Singapore,858877,1.352,103.8198
172.70.143.63,2023-09-22,22:05:25 UTC,["necessary"],mobile,en,Chrome,Android,Singapore,03,North West,Singapore,858877,1.352,103.8198
108.162.227.13,2023-09-22,22:07:32 UTC,["necessary"],mobile,en,Chrome,Android,Singapore,03,North West,Singapore,858877,1.352,103.8198
172.71.186.80,2023-09-22,22:13:51 UTC,["necessary"],desktop,en,Chrome,Windows,France,PAC,Provence-Alpes-Côte d'Azur,Marseille,,43.2964,5.3697
172.70.46.112,2023-09-22,22:22:32 UTC,["necessary"],mobile,en,Instagram,Android,Netherlands,NH,North Holland,Amsterdam,,52.3675,4.9041
162.158.189.181,2023-09-22,22:23:52 UTC,["necessary"],mobile,en,Instagram,Android,Singapore,03,North West,Singapore,858877,1.352,103.8198
172.69.150.106,2023-09-22,22:43:31 UTC,["necessary"],mobile,en,Instagram,Android,Germany,HE,Hesse,Frankfurt,,50.1109,8.6821
108.162.226.237,2023-09-22,22:50:05 UTC,["necessary"],mobile,en,Instagram,Android,Singapore,03,North West,Singapore,858877,1.352,103.8198
172.70.242.201,2023-09-22,22:51:15 UTC,["necessary"],mobile,en,Instagram,Android,Germany,HE,Hesse,Frankfurt,,50.1109,8.6821
108.162.227.2,2023-09-22,22:52:13 UTC,["necessary"],mobile,en,Chrome,Android,Singapore,03,North West,Singapore,858877,1.352,103.8198
172.71.186.76,2023-09-22,23:00:47 UTC,["necessary"],mobile,en,Instagram,Android,France,PAC,Provence-Alpes-Côte d'Azur,Marseille,,43.2964,5.3697
162.158.23.23,2023-09-22,23:02:20 UTC,["necessary"],mobile,en,Instagram,Android,France,PAC,Provence-Alpes-Côte d'Azur,Marseille,,43.2964,5.3697
172.70.142.94,2023-09-22,23:13:31 UTC,["necessary"],mobile,en,Instagram,iOS,Singapore,03,North West,Singapore,858877,1.352,103.8198
172.70.189.48,2023-09-22,23:20:40 UTC,["necessary"],mobile,en,Instagram,iOS,Singapore,03,North West,Singapore,858877,1.352,103.8198
172.71.186.66,2023-09-22,23:28:33 UTC,["necessary"],mobile,en,Instagram,Android,France,PAC,Provence-Alpes-Côte d'Azur,Marseille,,43.2964,5.3697
162.158.235.50,2023-09-22,23:36:33 UTC,["necessary"],mobile,en,Instagram,Android,India,MH,Maharashtra,Mumbai,,19.0759,72.8776
172.69.178.18,2023-09-22,23:38:57 UTC,["necessary"],mobile,en,Samsung Internet,Android,India,MH,Maharashtra,Mumbai,,19.0759,72.8776
162.158.2.155,2023-09-23,00:07:04 UTC,["necessary"],mobile,en,Instagram,Android,Australia,VIC,Victoria,Melbourne,,-37.8136,144.963
162.158.95.212,2023-09-23,00:10:53 UTC,["necessary"],mobile,en,Instagram,Android,Germany,HE,Hesse,Frankfurt,,50.1109,8.6821
172.69.179.217,2023-09-23,00:15:10 UTC,["necessary"],mobile,en,Facebook,Android,India,MH,Maharashtra,Mumbai,,19.0759,72.8776
162.158.171.9,2023-09-23,00:24:18 UTC,["necessary"],mobile,en,Instagram,iOS,Singapore,03,North West,Singapore,858877,1.352,103.8198
162.158.87.57,2023-09-23,00:37:37 UTC,["necessary"],mobile,en,Instagram,iOS,Germany,HE,Hesse,Frankfurt,,50.1109,8.6821
141.101.77.64,2023-09-23,00:39:24 UTC,["necessary"],mobile,en,Safari,iOS,Netherlands,NH,North Holland,Amsterdam,,52.3675,4.9041
162.158.23.49,2023-09-23,01:25:58 UTC,["necessary"],mobile,en,Instagram,iOS,France,PAC,Provence-Alpes-Côte d'Azur,Marseille,,43.2964,5.3697
172.71.102.153,2023-09-23,01:28:22 UTC,["necessary"],mobile,en,Instagram,iOS,Netherlands,NH,North Holland,Amsterdam,,52.3675,4.9041
172.69.150.158,2023-09-23,01:31:19 UTC,["necessary"],mobile,en,Safari,iOS,Germany,HE,Hesse,Frankfurt,,50.1109,8.6821
172.71.122.168,2023-09-23,03:53:08 UTC,["necessary"],mobile,en,Instagram,Android,France,IDF,Île-de-France,Paris,,48.8566,2.3522
172.71.182.32,2023-09-23,03:55:38 UTC,["necessary"],mobile,en,Edge,Android,Netherlands,NH,North Holland,Amsterdam,,52.3675,4.9041
172.71.186.81,2023-09-23,05:33:02 UTC,["necessary"],mobile,en,Instagram,iOS,France,PAC,Provence-Alpes-Côte d'Azur,Marseille,,43.2964,5.3697
162.158.22.145,2023-09-23,05:33:20 UTC,["necessary"],mobile,en,Instagram,Android,France,PAC,Provence-Alpes-Côte d'Azur,Marseille,,43.2964,5.3697
162.158.23.50,2023-09-23,05:34:38 UTC,["necessary"],mobile,en,Safari,iOS,France,PAC,Provence-Alpes-Côte d'Azur,Marseille,,43.2964,5.3697
162.158.22.157,2023-09-23,05:34:46 UTC,["necessary"],mobile,en,Chrome,Android,France,PAC,Provence-Alpes-Côte d'Azur,Marseille,,43.2964,5.3697
172.71.186.188,2023-09-23,05:39:35 UTC,["necessary"],desktop,en,Chrome,Linux,France,PAC,Provence-Alpes-Côte d'Azur,Marseille,,43.2964,5.3697
162.158.22.144,2023-09-23,05:43:12 UTC,["necessary"],desktop,en,Chrome,Windows,France,PAC,Provence-Alpes-Côte d'Azur,Marseille,,43.2964,5.3697
172.70.242.200,2023-09-23,06:03:57 UTC,["necessary"],mobile,en,Instagram,Android,Germany,HE,Hesse,Frankfurt,,50.1109,8.6821
188.114.102.73,2023-09-23,07:05:49 UTC,["necessary"],mobile,en,Instagram,Android,Italy,25,Lombardy,Milan,,45.4642,9.1899
172.71.122.179,2023-09-23,17:23:02 UTC,["necessary"],mobile,en,Facebook,Android,France,IDF,Île-de-France,Paris,,48.8566,2.3522
172.70.189.66,2023-09-23,19:19:42 UTC,["necessary"],desktop,en,Chrome,Windows,Singapore,03,North West,Singapore,858877,1.352,103.8198
172.71.134.103,2023-09-23,21:46:10 UTC,["necessary"],mobile,en,Safari,iOS,France,IDF,Île-de-France,Paris,,48.8566,2.3522
172.70.162.143,2023-09-24,01:11:36 UTC,["necessary"],desktop,en,Chrome,Windows,United Kingdom,ENG,England,London,,51.5073,-0.1277
172.71.134.72,2023-09-24,14:00:19 UTC,["necessary"],mobile,en,Facebook,Android,France,IDF,Île-de-France,Paris,,48.8566,2.3522
162.158.56.137,2023-09-24,18:17:28 UTC,["necessary"],mobile,en,Safari,iOS,United Arab Emirates,DU,Dubai,Dubai,,25.2048,55.2707
172.71.202.54,2023-09-24,23:17:07 UTC,["necessary"],mobile,en,Safari,iOS,India,MH,Maharashtra,Mumbai,,19.0759,72.8776
172.70.246.25,2023-09-25,10:51:34 UTC,["necessary"],desktop,en,Chrome,Windows,Germany,HE,Hesse,Frankfurt,,50.1109,8.6821
172.70.189.129,2023-09-25,11:22:31 UTC,["necessary"],desktop,en,Chrome,Windows,Singapore,03,North West,Singapore,858877,1.352,103.8198
172.71.134.224,2023-09-25,15:09:37 UTC,["necessary"],desktop,en,Chrome,Windows,France,IDF,Île-de-France,Paris,,48.8566,2.3522
